<?xml version="1.0"?>
<projectProfile>
  <projectDirectory>
    <projectProfileFile/>
    <applicationDirectory>
      <apisDirectory enabled="false"/>
      <configsDirectory>
        <applicationConfigFile type="ini"/>
      </configsDirectory>
      <controllersDirectory>
        <controllerFile controllerName="index">
          <actionMethod actionName="index"/>
        </controllerFile>
        <controllerFile controllerName="error"/>
        <controllerFile controllerName="guestbook">
          <actionMethod actionName="index"/>
        </controllerFile>
        <controllerFile controllerName="add">
          <actionMethod actionName="index"/>
        </controllerFile>
        <controllerFile controllerName="remove">
          <actionMethod actionName="index"/>
        </controllerFile>
      </controllersDirectory>
      <layoutsDirectory enabled="false"/>
      <modelsDirectory/>
      <modulesDirectory enabled="false">
        <moduleDirectory moduleName="admin">
          <apisDirectory enabled="false"/>
          <configsDirectory enabled="false"/>
          <controllersDirectory>
            <controllerFile controllerName="remove">
              <actionMethod actionName="index"/>
            </controllerFile>
          </controllersDirectory>
          <layoutsDirectory enabled="false"/>
          <modelsDirectory/>
          <viewsDirectory>
            <viewScriptsDirectory>
              <viewControllerScriptsDirectory forControllerName="remove">
                <viewScriptFile forActionName="index"/>
              </viewControllerScriptsDirectory>
            </viewScriptsDirectory>
            <viewHelpersDirectory/>
            <viewFiltersDirectory/>
          </viewsDirectory>
        </moduleDirectory>
        <moduleDirectory moduleName="profile">
          <apisDirectory enabled="false"/>
          <configsDirectory enabled="false"/>
          <controllersDirectory>
            <controllerFile controllerName="login">
              <actionMethod actionName="index"/>
            </controllerFile>
          </controllersDirectory>
          <layoutsDirectory enabled="false"/>
          <modelsDirectory/>
          <viewsDirectory>
            <viewScriptsDirectory>
              <viewControllerScriptsDirectory forControllerName="login">
                <viewScriptFile forActionName="index"/>
              </viewControllerScriptsDirectory>
            </viewScriptsDirectory>
            <viewHelpersDirectory/>
            <viewFiltersDirectory/>
          </viewsDirectory>
        </moduleDirectory>
      </modulesDirectory>
      <viewsDirectory>
        <viewScriptsDirectory>
          <viewControllerScriptsDirectory forControllerName="index">
            <viewScriptFile forActionName="index"/>
          </viewControllerScriptsDirectory>
          <viewControllerScriptsDirectory forControllerName="error">
            <viewScriptFile forActionName="error"/>
          </viewControllerScriptsDirectory>
          <viewControllerScriptsDirectory forControllerName="guestbook">
            <viewScriptFile forActionName="index"/>
          </viewControllerScriptsDirectory>
          <viewControllerScriptsDirectory forControllerName="add">
            <viewScriptFile forActionName="index"/>
          </viewControllerScriptsDirectory>
          <viewControllerScriptsDirectory forControllerName="remove">
            <viewScriptFile forActionName="index"/>
          </viewControllerScriptsDirectory>
        </viewScriptsDirectory>
        <viewHelpersDirectory/>
        <viewFiltersDirectory enabled="false"/>
      </viewsDirectory>
      <bootstrapFile/>
    </applicationDirectory>
    <dataDirectory enabled="false">
      <cacheDirectory enabled="false"/>
      <searchIndexesDirectory enabled="false"/>
      <localesDirectory enabled="false"/>
      <logsDirectory enabled="false"/>
      <sessionsDirectory enabled="false"/>
      <uploadsDirectory enabled="false"/>
    </dataDirectory>
    <libraryDirectory>
      <zfStandardLibraryDirectory enabled="false"/>
    </libraryDirectory>
    <publicDirectory>
      <publicStylesheetsDirectory enabled="false"/>
      <publicScriptsDirectory enabled="false"/>
      <publicImagesDirectory enabled="false"/>
      <publicIndexFile/>
      <htaccessFile/>
    </publicDirectory>
    <projectProvidersDirectory enabled="false"/>
    <temporaryDirectory enabled="false"/>
    <testsDirectory>
      <testPHPUnitConfigFile/>
      <testApplicationDirectory>
        <testApplicationBootstrapFile/>
        <testApplicationControllerDirectory>
          <testApplicationControllerFile/>
          <testApplicationControllerFile/>
          <testApplicationControllerFile/>
          <testApplicationControllerFile/>
          <testApplicationControllerFile/>
        </testApplicationControllerDirectory>
      </testApplicationDirectory>
      <testLibraryDirectory>
        <testLibraryBootstrapFile/>
      </testLibraryDirectory>
    </testsDirectory>
  </projectDirectory>
</projectProfile>
