<?xml version="1.0"?>
<zend-config xmlns:zf="http://framework.zend.com/xml/zend-config-xml/1.0/">
  <production>
    <phpSettings>
      <display_startup_errors>0</display_startup_errors>
      <display_errors>0</display_errors>
      <date>
        <timezone>Asia/Shanghai</timezone>
      </date>
    </phpSettings>
    <includePaths>
        <library><zf:const zf:name="APPLICATION_PATH" />/../library</library>
    </includePaths>
    <bootstrap>
        <path><zf:const zf:name="APPLICATION_PATH" />/Bootstrap.php</path>
      <class>Bootstrap</class>
    </bootstrap>
    <resources>
      <frontController>
          <moduleDirectory><zf:const zf:name="APPLICATION_PATH" />/modules</moduleDirectory>
      </frontController>
      <db>
        <adapter>pdo_mysql</adapter>
        <params>
          <host>localhost</host>
          <username>lds</username>
          <password>123</password>
          <dbname>lds0019</dbname>
        </params>
        <isDefaultTableAdapter>1</isDefaultTableAdapter>
        <prefix>lds0019_</prefix>
      </db>
    </resources>
  </production>
  <staging zf:extends="production">
  </staging>
  <testing zf:extends="production">
    <phpSettings>
      <display_startup_errors>1</display_startup_errors>
      <display_errors>1</display_errors>
    </phpSettings>
  </testing>
  <development zf:extends="production">
    <phpSettings>
      <display_startup_errors>1</display_startup_errors>
      <display_errors>1</display_errors>
    </phpSettings>
  </development>
</zend-config>
